认证码,是否已使用
"ZENCHORDE202606000000001,7878359A7095,ZCE1258826000001",
"ZENCHORDE202606000000002,7878359A7096,ZCE1258826000002",
"ZENCHORDE202606000000003,7878359A7097,ZCE1258826000003",
"ZENCHORDE202606000000004,7878359A7098,ZCE1258826000004",
"ZENCHORDE202606000000005,7878359A7099,ZCE1258826000005",
"ZENCHORDE202606000000006,7878359A709A,ZCE1258826000006",
"ZENCHORDE202606000000007,7878359A709B,ZCE1258826000007",
"ZENCHORDE202606000000008,7878359A709C,ZCE1258826000008",
"ZENCHORDE202606000000009,7878359A709D,ZCE1258826000009",
"ZENCHORDE202606000000010,7878359A709E,ZCE1258826000010",
"ZENCHORDE202606000000011,7878359A709F,ZCE1258826000011",
"ZENCHORDE202606000000012,7878359A70A0,ZCE1258826000012",
"ZENCHORDE202606000000013,7878359A70A1,ZCE1258826000013",
"ZENCHORDE202606000000014,7878359A70A2,ZCE1258826000014",
"ZENCHORDE202606000000015,7878359A70A3,ZCE1258826000015",
"ZENCHORDE202606000000016,7878359A70A4,ZCE1258826000016",
"ZENCHORDE202606000000017,7878359A70A5,ZCE1258826000017",
"ZENCHORDE202606000000018,7878359A70A6,ZCE1258826000018",
"ZENCHORDE202606000000019,7878359A70A7,ZCE1258826000019",
"ZENCHORDE202606000000020,7878359A70A8,ZCE1258826000020",
"ZENCHORDE202606000000021,7878359A70A9,ZCE1258826000021",
"ZENCHORDE202606000000022,7878359A70AA,ZCE1258826000022",
"ZENCHORDE202606000000023,7878359A70AB,ZCE1258826000023",
"ZENCHORDE202606000000024,7878359A70AC,ZCE1258826000024",
